train_loss_values,validation_loss_values
0.17004534422232365,0.05352725285143954
0.06432849399120846,0.045449856427772016
0.06828958861889807,0.04042064003025634
0.03952719228504054,0.04258970715907592
0.050509465433606744,0.06939995419634215
0.02463277847873118,0.07269348058496283
