validation_accuracy,validation_f1
0.988031914893617,0.9881837444037956
0.9906914893617021,0.9907316554677217
0.9920212765957447,0.9918762129552097
0.9933510638297872,0.993321778546407
0.988031914893617,0.9880835570299279
0.9893617021276596,0.9893617021276596
