train_loss_values,validation_loss_values
0.24384831426133055,0.13825632939747168
0.0934284092757011,0.07811085254303528
0.10043784543653983,0.0742239231837649
0.050160404647190494,0.06599039472638786
0.08663182333752757,0.07119285135976053
0.03583128041144378,0.05793295632927166
