validation_accuracy,validation_f1
0.973404255319149,0.9753220262052057
0.9840425531914894,0.9844355937532754
0.9867021276595744,0.9870296614610627
0.9906914893617021,0.9907316554677217
0.9893617021276596,0.989539862744173
0.9933510638297872,0.9934354135576643
