train_loss_values,validation_loss_values
0.17450093805656705,0.09279769827302749
0.13579150551146582,0.10118075796544097
