validation_accuracy,validation_f1
0.9507978723404256,0.9562727972817573
0.9468085106382979,0.9533116362164428
