train_loss_values,validation_loss_values
0.29767768036461,0.07566137987738872
0.10825040692482113,0.0989626106385642
0.10842238285768487,0.11139665921484962
