validation_accuracy,validation_f1
0.964095744680851,0.9658883977586733
0.9720744680851063,0.973832400729449
0.9720744680851063,0.9740044281239875
