train_loss_values,validation_loss_values
0.1343629048623745,0.022308131399845575
0.06831677061958492,0.028624970379612622
