validation_accuracy,validation_f1
0.9946808510638298,0.9946808510638298
0.9906914893617021,0.99080957898073
