train_loss_values,validation_loss_values
0.15665574260268608,0.04395134899773148
0.06864137136407515,0.04510271242359406
