validation_accuracy,validation_f1
0.9906914893617021,0.9905658948126438
0.9906914893617021,0.99065048996497
