train_loss_values,validation_loss_values
0.3140243329117608,0.11572941068373033
0.11354966406996887,0.041985819899183936
0.11668454221185082,0.06624948411599883
0.06590633672218675,0.051198217909248035
0.09242039126664074,0.04461801126826395
0.06720433366964843,0.03601747078127399
