validation_accuracy,validation_f1
0.9720744680851063,0.9740044281239875
0.9920212765957447,0.9920894382463911
0.9853723404255319,0.9856755401366756
0.9906914893617021,0.99065048996497
0.9933510638297872,0.9934354135576643
0.9933510638297872,0.9933797539055157
