train_loss_values,validation_loss_values
0.16765273495870203,0.12178286327264473
0.06163540916450412,0.0843387294118966
0.06288729324040532,0.0864286954524977
0.032050774594940726,0.08093355655920915
0.03831326978404426,0.09063111508269085
0.02241919426804429,0.04288437576692946
0.03478941912085709,0.07488000128049127
0.017241415036976425,0.059340932850625694
