validation_accuracy,validation_f1
0.9720744680851063,0.9741703321189982
0.9800531914893617,0.9807690962891332
0.9827127659574468,0.9832047135463866
0.9853723404255319,0.9855579098268612
0.9840425531914894,0.9846728905766015
0.9906914893617021,0.99088443463243
0.9893617021276596,0.9891682839402797
0.9920212765957447,0.9919502571896189
