train_loss_values,validation_loss_values
0.2344719559195902,0.06938748319730911
0.09088883044738819,0.06453168176969794
0.10452844461423068,0.10793643692118457
