validation_accuracy,validation_f1
0.988031914893617,0.9882799873845527
0.9840425531914894,0.9847848689356081
0.9827127659574468,0.9832047135463866
