train_loss_values,validation_loss_values
0.2726155643863268,0.27798831151112413
0.10830543119359393,0.06071496414695
0.10012479346638284,0.1076755896779008
0.061090520224829935,0.07874868316389923
0.07799476001756288,0.05540316419004004
0.05919108651619568,0.06801770775264908
0.08011809258252865,0.05623414569882176
0.027479013854338322,0.050621196309356624
