validation_accuracy,validation_f1
0.9587765957446809,0.9627676699125806
0.9853723404255319,0.9856755401366756
0.9840425531914894,0.9844355937532754
0.9867021276595744,0.986924828430216
0.988031914893617,0.9880835570299279
0.9893617021276596,0.9894525843285217
0.9893617021276596,0.9896237291688501
0.9933510638297872,0.9934354135576643
