train_loss_values,validation_loss_values
0.172838060861716,0.10356255881260175
0.0626360617340757,0.08051310381457621
