validation_accuracy,validation_f1
0.9813829787234043,0.98198263337818
0.9867021276595744,0.986924828430216
