train_loss_values,validation_loss_values
0.17523220830814604,0.0574626903692351
0.07268524918493748,0.07170014909273902
0.051158419433182355,0.08162377364815353
