validation_accuracy,validation_f1
0.988031914893617,0.9880835570299279
0.9867021276595744,0.986924828430216
0.9853723404255319,0.9856755401366756
