train_loss_values,validation_loss_values
0.14041769861002054,0.04127660825295297
