validation_accuracy,validation_f1
0.9906914893617021,0.9907316554677217
