train_loss_values,validation_loss_values
0.3415196415432587,0.09428384507748674
0.11564966053193144,0.07692013306300492
