validation_accuracy,validation_f1
0.9574468085106383,0.956261138388798
0.9654255319148937,0.9672675050219325
