train_loss_values,validation_loss_values
0.13739214429861013,0.04594411447683245
0.05974430475830789,0.0438616964625482
