validation_accuracy,validation_f1
0.9906914893617021,0.99065048996497
0.9933510638297872,0.993321778546407
