train_loss_values,validation_loss_values
0.22604825941841705,0.05365161040042059
0.07839073590970987,0.061439300124036776
0.09456247344288936,0.08558621570532136
0.04125076751174457,0.06170947109374905
0.06971528978076014,0.09474776645383755
0.031170004482158727,0.10843915367062003
0.07395206577681818,0.07839700687948103
0.02193733237551444,0.08566105185128131
0.043160155492007204,0.1218578627639523
