validation_accuracy,validation_f1
0.9906914893617021,0.9907316554677217
0.988031914893617,0.9881837444037956
0.9867021276595744,0.9870296614610627
0.9906914893617021,0.9907316554677217
0.9867021276595744,0.9870296614610627
0.9867021276595744,0.9868157304106521
0.9893617021276596,0.9894525843285217
0.988031914893617,0.9883724939936522
0.9867021276595744,0.986924828430216
