train_loss_values,validation_loss_values
0.17102856871258654,0.05999041749437504
0.06183839552161414,0.07769015261818667
