validation_accuracy,validation_f1
0.9867021276595744,0.986924828430216
0.9867021276595744,0.986924828430216
