validation_accuracy,validation_f1
0.9800531914893617,0.9809117650413729
0.9840425531914894,0.9843097941162596
0.9853723404255319,0.9857886037700194
0.9920212765957447,0.9920212765957447
0.9920212765957447,0.9920894382463911
0.9946808510638298,0.9946335047930792
0.9920212765957447,0.9919502571896189
0.9906914893617021,0.99065048996497
0.9800531914893617,0.9807690962891332
0.9933510638297872,0.9932613534376028
0.988031914893617,0.9881837444037956
0.9906914893617021,0.9905658948126438
