train_loss_values,validation_loss_values
0.13664216023737014,0.10289215673511302
0.055076605150082426,0.08725601624469599
0.0782506212805514,0.09148463659550031
0.04090226277221306,0.11833791200216821
0.05091193297174618,0.10255378001195392
0.022821109733251944,0.08201734131206313
0.044447011352136356,0.10269281419093575
0.015853375128313724,0.0984808157567473
