validation_accuracy,validation_f1
0.9800531914893617,0.9809117650413729
0.9840425531914894,0.9844355937532754
0.9867021276595744,0.986924828430216
0.9813829787234043,0.98198263337818
0.9853723404255319,0.9855579098268612
0.9893617021276596,0.9894525843285217
0.9867021276595744,0.986924828430216
0.9867021276595744,0.986924828430216
