train_loss_values,validation_loss_values
0.15700494637202753,0.08216774231976237
0.0827155247608625,0.05809524454328292
0.046289157425508216,0.08955359649135448
