validation_accuracy,validation_f1
0.9773936170212766,0.9783666670468892
0.9893617021276596,0.989539862744173
0.9840425531914894,0.9845565428955828
